{
    "training_history": {
        "train_loss": [
            0.767230099439621,
            0.6833764672279358,
            0.6547977328300476,
            0.6366865843534469,
            0.5841395676136016,
            0.5904029786586762,
            0.5544415503740311,
            0.5520402669906617,
            0.5234761625528336,
            0.38591315895318984,
            0.5223251044750213,
            0.40932696163654325,
            0.5024653136730194,
            0.4594674527645111,
            0.5070353865623474,
            0.46489701569080355,
            0.3559169262647629,
            0.38182451128959655,
            0.33596487939357755,
            0.43729924261569975,
            0.3646987333893776,
            0.38084790855646133,
            0.4584970623254776,
            0.3566077470779419,
            0.392230623960495,
            0.34774374589324,
            0.4676672428846359,
            0.4113162368535995,
            0.386423097550869,
            0.3805139347910881,
            0.2969068378210068,
            0.3897982820868492,
            0.2842959925532341,
            0.27587955445051193,
            0.3566355314105749,
            0.3289855718612671,
            0.440360763669014,
            0.3286075785756111,
            0.3396407634019852,
            0.27313846051692964,
            0.4056362971663475,
            0.32770890593528745,
            0.35899137109518053,
            0.3852328971028328,
            0.2767710775136948,
            0.25115078389644624,
            0.3741817891597748,
            0.3149887129664421,
            0.3471081413328648,
            0.30733166038990023
        ],
        "train_acc": [
            50.841750841750844,
            55.89225589225589,
            63.2996632996633,
            66.66666666666667,
            70.37037037037037,
            69.02356902356902,
            73.06397306397307,
            69.02356902356902,
            74.74747474747475,
            84.17508417508418,
            78.45117845117845,
            77.10437710437711,
            77.44107744107744,
            80.8080808080808,
            79.79797979797979,
            81.48148148148148,
            86.1952861952862,
            84.17508417508418,
            83.5016835016835,
            78.45117845117845,
            83.83838383838383,
            83.83838383838383,
            79.12457912457913,
            83.16498316498317,
            86.53198653198653,
            85.52188552188552,
            84.84848484848484,
            83.16498316498317,
            82.82828282828282,
            84.84848484848484,
            86.53198653198653,
            85.85858585858585,
            88.88888888888889,
            86.1952861952862,
            83.83838383838383,
            86.53198653198653,
            85.52188552188552,
            86.53198653198653,
            89.8989898989899,
            87.54208754208754,
            86.1952861952862,
            88.55218855218855,
            85.52188552188552,
            84.84848484848484,
            89.22558922558923,
            89.56228956228956,
            85.52188552188552,
            90.23569023569024,
            89.56228956228956,
            85.52188552188552
        ],
        "val_loss": [
            0.6916626294453939,
            0.7125794887542725,
            0.6584091186523438,
            0.6434636811415354,
            0.6618779798348745,
            0.651444544394811,
            0.7116704781850179,
            0.6296371022860209,
            0.7239956756432852,
            0.9117566446463267,
            0.9034216304620107,
            0.7615753213564554,
            0.8595263063907623,
            0.8525100747744242,
            0.8951586186885834,
            0.8016601701577505,
            1.044165849685669,
            1.2099375327428181,
            1.020095298687617,
            0.9290202160676321,
            1.02717787027359,
            1.0125327010949452,
            0.7671441535154978,
            1.121830662091573,
            1.3036240140597026,
            1.2507565418879192,
            1.093267281850179,
            1.0329720377922058,
            0.9660009543100992,
            0.9333834052085876,
            1.2405144572257996,
            1.272815763950348,
            1.2100659608840942,
            1.2691254019737244,
            1.1950040459632874,
            1.2130842208862305,
            0.8549316128094991,
            0.9449610710144043,
            1.154442052046458,
            1.1960740089416504,
            1.5304457545280457,
            1.2224266131718953,
            0.9288723766803741,
            1.1694353818893433,
            1.314971148967743,
            1.2139348189036052,
            1.3138534228007,
            1.4991817275683086,
            1.242147425810496,
            1.3695553441842396
        ],
        "val_acc": [
            57.333333333333336,
            48.0,
            57.333333333333336,
            57.333333333333336,
            58.666666666666664,
            61.333333333333336,
            53.333333333333336,
            61.333333333333336,
            56.0,
            54.666666666666664,
            52.0,
            52.0,
            52.0,
            57.333333333333336,
            52.0,
            54.666666666666664,
            54.666666666666664,
            56.0,
            53.333333333333336,
            50.666666666666664,
            45.333333333333336,
            48.0,
            56.0,
            49.333333333333336,
            52.0,
            53.333333333333336,
            53.333333333333336,
            52.0,
            54.666666666666664,
            56.0,
            46.666666666666664,
            48.0,
            45.333333333333336,
            48.0,
            46.666666666666664,
            44.0,
            53.333333333333336,
            53.333333333333336,
            56.0,
            54.666666666666664,
            50.666666666666664,
            54.666666666666664,
            52.0,
            54.666666666666664,
            54.666666666666664,
            54.666666666666664,
            56.0,
            53.333333333333336,
            52.0,
            54.666666666666664
        ]
    },
    "best_val_accuracy": 61.333333333333336,
    "final_train_accuracy": 85.52188552188552,
    "final_val_accuracy": 54.666666666666664,
    "num_epochs": 50,
    "timestamp": "20241209_161208"
}