{
    "training_history": {
        "train_loss": [
            0.7343652009963989,
            0.6999530971050263,
            0.6601831316947937,
            0.6393182694911956,
            0.5957843154668808,
            0.5817179590463638,
            0.5419090420007706,
            0.568536576628685,
            0.5727910727262497,
            0.46252059042453764
        ],
        "train_acc": [
            48.821548821548824,
            54.54545454545455,
            67.003367003367,
            62.96296296296296,
            70.03367003367003,
            71.38047138047138,
            69.36026936026936,
            71.04377104377105,
            72.39057239057239,
            77.44107744107744
        ],
        "val_loss": [
            0.6595688859621683,
            0.6767758925755819,
            0.6566673119862875,
            0.7026845216751099,
            0.7525667548179626,
            0.7301324407259623,
            0.7527232567469279,
            0.7766296068827311,
            0.7240967551867167,
            0.8600340584913889
        ],
        "val_acc": [
            52.0,
            66.66666666666667,
            58.666666666666664,
            54.666666666666664,
            52.0,
            58.666666666666664,
            52.0,
            56.0,
            54.666666666666664,
            52.0
        ]
    },
    "best_val_accuracy": 66.66666666666667,
    "final_train_accuracy": 77.44107744107744,
    "final_val_accuracy": 52.0,
    "num_epochs_trained": 10,
    "early_stopping_triggered": true,
    "timestamp": "20241209_161328"
}